{"_runtime":1821.679983,"_step":29,"_timestamp":1720088880.2511022,"_wandb":{"runtime":1822},"f1_score":0.49175730113063937}