{"_runtime":1412.353915,"_step":9,"_timestamp":1720082321.0843472,"_wandb":{"runtime":1414},"f1_score":0.34252445117302277}