{"_runtime":1433.509005,"_step":9,"_timestamp":1720083767.2981791,"_wandb":{"runtime":1434},"f1_score":0.38362941317619653}